jpg/from_videos/1_0.jpg,1
jpg/from_videos/1_1.jpg,1
jpg/from_videos/1_10.jpg,1
jpg/from_videos/1_100.jpg,1
jpg/from_videos/1_101.jpg,1
jpg/from_videos/1_102.jpg,1
jpg/from_videos/1_103.jpg,1
jpg/from_videos/1_104.jpg,1
jpg/from_videos/1_105.jpg,1
jpg/from_videos/1_106.jpg,1
jpg/from_videos/1_107.jpg,1
jpg/from_videos/1_108.jpg,1
jpg/from_videos/1_109.jpg,1
jpg/from_videos/1_11.jpg,1
jpg/from_videos/1_110.jpg,1
jpg/from_videos/1_111.jpg,1
jpg/from_videos/1_112.jpg,1
jpg/from_videos/1_113.jpg,1
jpg/from_videos/1_114.jpg,1
jpg/from_videos/1_115.jpg,1
jpg/from_videos/1_116.jpg,1
jpg/from_videos/1_117.jpg,1
jpg/from_videos/1_118.jpg,1
jpg/from_videos/1_119.jpg,1
jpg/from_videos/1_12.jpg,1
jpg/from_videos/1_120.jpg,1
jpg/from_videos/1_121.jpg,1
jpg/from_videos/1_122.jpg,1
jpg/from_videos/1_123.jpg,1
jpg/from_videos/1_124.jpg,1
jpg/from_videos/1_125.jpg,1
jpg/from_videos/1_126.jpg,1
jpg/from_videos/1_127.jpg,1
jpg/from_videos/1_128.jpg,1
jpg/from_videos/1_129.jpg,1
jpg/from_videos/1_13.jpg,1
jpg/from_videos/1_130.jpg,1
jpg/from_videos/1_131.jpg,1
jpg/from_videos/1_132.jpg,1
jpg/from_videos/1_133.jpg,1
jpg/from_videos/1_134.jpg,1
jpg/from_videos/1_135.jpg,1
jpg/from_videos/1_136.jpg,1
jpg/from_videos/1_137.jpg,1
jpg/from_videos/1_138.jpg,1
jpg/from_videos/1_139.jpg,1
jpg/from_videos/1_14.jpg,1
jpg/from_videos/1_15.jpg,1
jpg/from_videos/1_16.jpg,1
jpg/from_videos/1_17.jpg,1
jpg/from_videos/1_18.jpg,1
jpg/from_videos/1_19.jpg,1
jpg/from_videos/1_2.jpg,1
jpg/from_videos/1_20.jpg,1
jpg/from_videos/1_21.jpg,1
jpg/from_videos/1_22.jpg,1
jpg/from_videos/1_23.jpg,1
jpg/from_videos/1_24.jpg,1
jpg/from_videos/1_25.jpg,1
jpg/from_videos/1_26.jpg,1
jpg/from_videos/1_27.jpg,1
jpg/from_videos/1_28.jpg,1
jpg/from_videos/1_29.jpg,1
jpg/from_videos/1_3.jpg,1
jpg/from_videos/1_30.jpg,1
jpg/from_videos/1_31.jpg,1
jpg/from_videos/1_32.jpg,1
jpg/from_videos/1_33.jpg,1
jpg/from_videos/1_34.jpg,1
jpg/from_videos/1_35.jpg,1
jpg/from_videos/1_36.jpg,1
jpg/from_videos/1_37.jpg,1
jpg/from_videos/1_38.jpg,1
jpg/from_videos/1_39.jpg,1
jpg/from_videos/1_4.jpg,1
jpg/from_videos/1_40.jpg,1
jpg/from_videos/1_41.jpg,1
jpg/from_videos/1_42.jpg,1
jpg/from_videos/1_43.jpg,1
jpg/from_videos/1_44.jpg,1
jpg/from_videos/1_45.jpg,1
jpg/from_videos/1_46.jpg,1
jpg/from_videos/1_47.jpg,1
jpg/from_videos/1_48.jpg,1
jpg/from_videos/1_49.jpg,1
jpg/from_videos/1_5.jpg,1
jpg/from_videos/1_50.jpg,1
jpg/from_videos/1_51.jpg,1
jpg/from_videos/1_52.jpg,1
jpg/from_videos/1_53.jpg,1
jpg/from_videos/1_54.jpg,1
jpg/from_videos/1_55.jpg,1
jpg/from_videos/1_56.jpg,1
jpg/from_videos/1_57.jpg,1
jpg/from_videos/1_58.jpg,1
jpg/from_videos/1_59.jpg,1
jpg/from_videos/1_6.jpg,1
jpg/from_videos/1_60.jpg,1
jpg/from_videos/1_61.jpg,1
jpg/from_videos/1_62.jpg,1
jpg/from_videos/1_63.jpg,1
jpg/from_videos/1_64.jpg,1
jpg/from_videos/1_65.jpg,1
jpg/from_videos/1_66.jpg,1
jpg/from_videos/1_67.jpg,1
jpg/from_videos/1_68.jpg,1
jpg/from_videos/1_69.jpg,1
jpg/from_videos/1_7.jpg,1
jpg/from_videos/1_70.jpg,1
jpg/from_videos/1_71.jpg,1
jpg/from_videos/1_72.jpg,1
jpg/from_videos/1_73.jpg,1
jpg/from_videos/1_74.jpg,1
jpg/from_videos/1_75.jpg,1
jpg/from_videos/1_76.jpg,1
jpg/from_videos/1_77.jpg,1
jpg/from_videos/1_78.jpg,1
jpg/from_videos/1_79.jpg,1
jpg/from_videos/1_8.jpg,1
jpg/from_videos/1_80.jpg,1
jpg/from_videos/1_81.jpg,1
jpg/from_videos/1_82.jpg,1
jpg/from_videos/1_83.jpg,1
jpg/from_videos/1_84.jpg,1
jpg/from_videos/1_85.jpg,1
jpg/from_videos/1_86.jpg,1
jpg/from_videos/1_87.jpg,1
jpg/from_videos/1_88.jpg,1
jpg/from_videos/1_89.jpg,1
jpg/from_videos/1_9.jpg,1
jpg/from_videos/1_90.jpg,1
jpg/from_videos/1_91.jpg,1
jpg/from_videos/1_92.jpg,1
jpg/from_videos/1_93.jpg,1
jpg/from_videos/1_94.jpg,1
jpg/from_videos/1_95.jpg,1
jpg/from_videos/1_96.jpg,1
jpg/from_videos/1_97.jpg,1
jpg/from_videos/1_98.jpg,1
jpg/from_videos/1_99.jpg,1
jpg/from_videos/2_0.jpg,2
jpg/from_videos/2_1.jpg,2
jpg/from_videos/2_10.jpg,2
jpg/from_videos/2_100.jpg,2
jpg/from_videos/2_101.jpg,2
jpg/from_videos/2_102.jpg,2
jpg/from_videos/2_103.jpg,2
jpg/from_videos/2_104.jpg,2
jpg/from_videos/2_105.jpg,2
jpg/from_videos/2_106.jpg,2
jpg/from_videos/2_107.jpg,2
jpg/from_videos/2_108.jpg,2
jpg/from_videos/2_109.jpg,2
jpg/from_videos/2_11.jpg,2
jpg/from_videos/2_110.jpg,2
jpg/from_videos/2_111.jpg,2
jpg/from_videos/2_112.jpg,2
jpg/from_videos/2_113.jpg,2
jpg/from_videos/2_114.jpg,2
jpg/from_videos/2_115.jpg,2
jpg/from_videos/2_116.jpg,2
jpg/from_videos/2_117.jpg,2
jpg/from_videos/2_118.jpg,2
jpg/from_videos/2_119.jpg,2
jpg/from_videos/2_12.jpg,2
jpg/from_videos/2_120.jpg,2
jpg/from_videos/2_121.jpg,2
jpg/from_videos/2_122.jpg,2
jpg/from_videos/2_123.jpg,2
jpg/from_videos/2_124.jpg,2
jpg/from_videos/2_125.jpg,2
jpg/from_videos/2_126.jpg,2
jpg/from_videos/2_127.jpg,2
jpg/from_videos/2_128.jpg,2
jpg/from_videos/2_129.jpg,2
jpg/from_videos/2_13.jpg,2
jpg/from_videos/2_130.jpg,2
jpg/from_videos/2_131.jpg,2
jpg/from_videos/2_132.jpg,2
jpg/from_videos/2_133.jpg,2
jpg/from_videos/2_134.jpg,2
jpg/from_videos/2_135.jpg,2
jpg/from_videos/2_136.jpg,2
jpg/from_videos/2_137.jpg,2
jpg/from_videos/2_138.jpg,2
jpg/from_videos/2_139.jpg,2
jpg/from_videos/2_14.jpg,2
jpg/from_videos/2_140.jpg,2
jpg/from_videos/2_141.jpg,2
jpg/from_videos/2_142.jpg,2
jpg/from_videos/2_143.jpg,2
jpg/from_videos/2_144.jpg,2
jpg/from_videos/2_15.jpg,2
jpg/from_videos/2_16.jpg,2
jpg/from_videos/2_17.jpg,2
jpg/from_videos/2_18.jpg,2
jpg/from_videos/2_19.jpg,2
jpg/from_videos/2_2.jpg,2
jpg/from_videos/2_20.jpg,2
jpg/from_videos/2_21.jpg,2
jpg/from_videos/2_22.jpg,2
jpg/from_videos/2_23.jpg,2
jpg/from_videos/2_24.jpg,2
jpg/from_videos/2_25.jpg,2
jpg/from_videos/2_26.jpg,2
jpg/from_videos/2_27.jpg,2
jpg/from_videos/2_28.jpg,2
jpg/from_videos/2_29.jpg,2
jpg/from_videos/2_3.jpg,2
jpg/from_videos/2_30.jpg,2
jpg/from_videos/2_31.jpg,2
jpg/from_videos/2_32.jpg,2
jpg/from_videos/2_33.jpg,2
jpg/from_videos/2_34.jpg,2
jpg/from_videos/2_35.jpg,2
jpg/from_videos/2_36.jpg,2
jpg/from_videos/2_37.jpg,2
jpg/from_videos/2_38.jpg,2
jpg/from_videos/2_39.jpg,2
jpg/from_videos/2_4.jpg,2
jpg/from_videos/2_40.jpg,2
jpg/from_videos/2_41.jpg,2
jpg/from_videos/2_42.jpg,2
jpg/from_videos/2_43.jpg,2
jpg/from_videos/2_44.jpg,2
jpg/from_videos/2_45.jpg,2
jpg/from_videos/2_46.jpg,2
jpg/from_videos/2_47.jpg,2
jpg/from_videos/2_48.jpg,2
jpg/from_videos/2_49.jpg,2
jpg/from_videos/2_5.jpg,2
jpg/from_videos/2_50.jpg,2
jpg/from_videos/2_51.jpg,2
jpg/from_videos/2_52.jpg,2
jpg/from_videos/2_53.jpg,2
jpg/from_videos/2_54.jpg,2
jpg/from_videos/2_55.jpg,2
jpg/from_videos/2_56.jpg,2
jpg/from_videos/2_57.jpg,2
jpg/from_videos/2_58.jpg,2
jpg/from_videos/2_59.jpg,2
jpg/from_videos/2_6.jpg,2
jpg/from_videos/2_60.jpg,2
jpg/from_videos/2_61.jpg,2
jpg/from_videos/2_62.jpg,2
jpg/from_videos/2_63.jpg,2
jpg/from_videos/2_64.jpg,2
jpg/from_videos/2_65.jpg,2
jpg/from_videos/2_66.jpg,2
jpg/from_videos/2_67.jpg,2
jpg/from_videos/2_68.jpg,2
jpg/from_videos/2_69.jpg,2
jpg/from_videos/2_7.jpg,2
jpg/from_videos/2_70.jpg,2
jpg/from_videos/2_71.jpg,2
jpg/from_videos/2_72.jpg,2
jpg/from_videos/2_73.jpg,2
jpg/from_videos/2_74.jpg,2
jpg/from_videos/2_75.jpg,2
jpg/from_videos/2_76.jpg,2
jpg/from_videos/2_77.jpg,2
jpg/from_videos/2_78.jpg,2
jpg/from_videos/2_79.jpg,2
jpg/from_videos/2_8.jpg,2
jpg/from_videos/2_80.jpg,2
jpg/from_videos/2_81.jpg,2
jpg/from_videos/2_82.jpg,2
jpg/from_videos/2_83.jpg,2
jpg/from_videos/2_84.jpg,2
jpg/from_videos/2_85.jpg,2
jpg/from_videos/2_86.jpg,2
jpg/from_videos/2_87.jpg,2
jpg/from_videos/2_88.jpg,2
jpg/from_videos/2_89.jpg,2
jpg/from_videos/2_9.jpg,2
jpg/from_videos/2_90.jpg,2
jpg/from_videos/2_91.jpg,2
jpg/from_videos/2_92.jpg,2
jpg/from_videos/2_93.jpg,2
jpg/from_videos/2_94.jpg,2
jpg/from_videos/2_95.jpg,2
jpg/from_videos/2_96.jpg,2
jpg/from_videos/2_97.jpg,2
jpg/from_videos/2_98.jpg,2
jpg/from_videos/2_99.jpg,2
jpg/from_videos/3_0.jpg,3
jpg/from_videos/3_1.jpg,3
jpg/from_videos/3_10.jpg,3
jpg/from_videos/3_100.jpg,3
jpg/from_videos/3_101.jpg,3
jpg/from_videos/3_102.jpg,3
jpg/from_videos/3_103.jpg,3
jpg/from_videos/3_104.jpg,3
jpg/from_videos/3_105.jpg,3
jpg/from_videos/3_106.jpg,3
jpg/from_videos/3_107.jpg,3
jpg/from_videos/3_108.jpg,3
jpg/from_videos/3_109.jpg,3
jpg/from_videos/3_11.jpg,3
jpg/from_videos/3_110.jpg,3
jpg/from_videos/3_111.jpg,3
jpg/from_videos/3_112.jpg,3
jpg/from_videos/3_113.jpg,3
jpg/from_videos/3_114.jpg,3
jpg/from_videos/3_115.jpg,3
jpg/from_videos/3_116.jpg,3
jpg/from_videos/3_117.jpg,3
jpg/from_videos/3_118.jpg,3
jpg/from_videos/3_119.jpg,3
jpg/from_videos/3_12.jpg,3
jpg/from_videos/3_120.jpg,3
jpg/from_videos/3_121.jpg,3
jpg/from_videos/3_122.jpg,3
jpg/from_videos/3_123.jpg,3
jpg/from_videos/3_124.jpg,3
jpg/from_videos/3_125.jpg,3
jpg/from_videos/3_126.jpg,3
jpg/from_videos/3_127.jpg,3
jpg/from_videos/3_128.jpg,3
jpg/from_videos/3_129.jpg,3
jpg/from_videos/3_13.jpg,3
jpg/from_videos/3_130.jpg,3
jpg/from_videos/3_131.jpg,3
jpg/from_videos/3_132.jpg,3
jpg/from_videos/3_133.jpg,3
jpg/from_videos/3_134.jpg,3
jpg/from_videos/3_135.jpg,3
jpg/from_videos/3_136.jpg,3
jpg/from_videos/3_137.jpg,3
jpg/from_videos/3_138.jpg,3
jpg/from_videos/3_139.jpg,3
jpg/from_videos/3_14.jpg,3
jpg/from_videos/3_140.jpg,3
jpg/from_videos/3_141.jpg,3
jpg/from_videos/3_142.jpg,3
jpg/from_videos/3_143.jpg,3
jpg/from_videos/3_144.jpg,3
jpg/from_videos/3_145.jpg,3
jpg/from_videos/3_146.jpg,3
jpg/from_videos/3_147.jpg,3
jpg/from_videos/3_148.jpg,3
jpg/from_videos/3_149.jpg,3
jpg/from_videos/3_15.jpg,3
jpg/from_videos/3_150.jpg,3
jpg/from_videos/3_151.jpg,3
jpg/from_videos/3_152.jpg,3
jpg/from_videos/3_153.jpg,3
jpg/from_videos/3_154.jpg,3
jpg/from_videos/3_155.jpg,3
jpg/from_videos/3_156.jpg,3
jpg/from_videos/3_157.jpg,3
jpg/from_videos/3_158.jpg,3
jpg/from_videos/3_159.jpg,3
jpg/from_videos/3_16.jpg,3
jpg/from_videos/3_160.jpg,3
jpg/from_videos/3_161.jpg,3
jpg/from_videos/3_162.jpg,3
jpg/from_videos/3_163.jpg,3
jpg/from_videos/3_164.jpg,3
jpg/from_videos/3_165.jpg,3
jpg/from_videos/3_166.jpg,3
jpg/from_videos/3_167.jpg,3
jpg/from_videos/3_168.jpg,3
jpg/from_videos/3_169.jpg,3
jpg/from_videos/3_17.jpg,3
jpg/from_videos/3_170.jpg,3
jpg/from_videos/3_171.jpg,3
jpg/from_videos/3_172.jpg,3
jpg/from_videos/3_173.jpg,3
jpg/from_videos/3_174.jpg,3
jpg/from_videos/3_175.jpg,3
jpg/from_videos/3_176.jpg,3
jpg/from_videos/3_177.jpg,3
jpg/from_videos/3_178.jpg,3
jpg/from_videos/3_179.jpg,3
jpg/from_videos/3_18.jpg,3
jpg/from_videos/3_180.jpg,3
jpg/from_videos/3_181.jpg,3
jpg/from_videos/3_182.jpg,3
jpg/from_videos/3_183.jpg,3
jpg/from_videos/3_184.jpg,3
jpg/from_videos/3_19.jpg,3
jpg/from_videos/3_2.jpg,3
jpg/from_videos/3_20.jpg,3
jpg/from_videos/3_21.jpg,3
jpg/from_videos/3_22.jpg,3
jpg/from_videos/3_23.jpg,3
jpg/from_videos/3_24.jpg,3
jpg/from_videos/3_25.jpg,3
jpg/from_videos/3_26.jpg,3
jpg/from_videos/3_27.jpg,3
jpg/from_videos/3_28.jpg,3
jpg/from_videos/3_29.jpg,3
jpg/from_videos/3_3.jpg,3
jpg/from_videos/3_30.jpg,3
jpg/from_videos/3_31.jpg,3
jpg/from_videos/3_32.jpg,3
jpg/from_videos/3_33.jpg,3
jpg/from_videos/3_34.jpg,3
jpg/from_videos/3_35.jpg,3
jpg/from_videos/3_36.jpg,3
jpg/from_videos/3_37.jpg,3
jpg/from_videos/3_38.jpg,3
jpg/from_videos/3_39.jpg,3
jpg/from_videos/3_4.jpg,3
jpg/from_videos/3_40.jpg,3
jpg/from_videos/3_41.jpg,3
jpg/from_videos/3_42.jpg,3
jpg/from_videos/3_43.jpg,3
jpg/from_videos/3_44.jpg,3
jpg/from_videos/3_45.jpg,3
jpg/from_videos/3_46.jpg,3
jpg/from_videos/3_47.jpg,3
jpg/from_videos/3_48.jpg,3
jpg/from_videos/3_49.jpg,3
jpg/from_videos/3_5.jpg,3
jpg/from_videos/3_50.jpg,3
jpg/from_videos/3_51.jpg,3
jpg/from_videos/3_52.jpg,3
jpg/from_videos/3_53.jpg,3
jpg/from_videos/3_54.jpg,3
jpg/from_videos/3_55.jpg,3
jpg/from_videos/3_56.jpg,3
jpg/from_videos/3_57.jpg,3
jpg/from_videos/3_58.jpg,3
jpg/from_videos/3_59.jpg,3
jpg/from_videos/3_6.jpg,3
jpg/from_videos/3_60.jpg,3
jpg/from_videos/3_61.jpg,3
jpg/from_videos/3_62.jpg,3
jpg/from_videos/3_63.jpg,3
jpg/from_videos/3_64.jpg,3
jpg/from_videos/3_65.jpg,3
jpg/from_videos/3_66.jpg,3
jpg/from_videos/3_67.jpg,3
jpg/from_videos/3_68.jpg,3
jpg/from_videos/3_69.jpg,3
jpg/from_videos/3_7.jpg,3
jpg/from_videos/3_70.jpg,3
jpg/from_videos/3_71.jpg,3
jpg/from_videos/3_72.jpg,3
jpg/from_videos/3_73.jpg,3
jpg/from_videos/3_74.jpg,3
jpg/from_videos/3_75.jpg,3
jpg/from_videos/3_76.jpg,3
jpg/from_videos/3_77.jpg,3
jpg/from_videos/3_78.jpg,3
jpg/from_videos/3_79.jpg,3
jpg/from_videos/3_8.jpg,3
jpg/from_videos/3_80.jpg,3
jpg/from_videos/3_81.jpg,3
jpg/from_videos/3_82.jpg,3
jpg/from_videos/3_83.jpg,3
jpg/from_videos/3_84.jpg,3
jpg/from_videos/3_85.jpg,3
jpg/from_videos/3_86.jpg,3
jpg/from_videos/3_87.jpg,3
jpg/from_videos/3_88.jpg,3
jpg/from_videos/3_89.jpg,3
jpg/from_videos/3_9.jpg,3
jpg/from_videos/3_90.jpg,3
jpg/from_videos/3_91.jpg,3
jpg/from_videos/3_92.jpg,3
jpg/from_videos/3_93.jpg,3
jpg/from_videos/3_94.jpg,3
jpg/from_videos/3_95.jpg,3
jpg/from_videos/3_96.jpg,3
jpg/from_videos/3_97.jpg,3
jpg/from_videos/3_98.jpg,3
jpg/from_videos/3_99.jpg,3
jpg/from_videos/4_0.jpg,4
jpg/from_videos/4_1.jpg,4
jpg/from_videos/4_10.jpg,4
jpg/from_videos/4_100.jpg,4
jpg/from_videos/4_101.jpg,4
jpg/from_videos/4_102.jpg,4
jpg/from_videos/4_103.jpg,4
jpg/from_videos/4_104.jpg,4
jpg/from_videos/4_105.jpg,4
jpg/from_videos/4_106.jpg,4
jpg/from_videos/4_107.jpg,4
jpg/from_videos/4_108.jpg,4
jpg/from_videos/4_109.jpg,4
jpg/from_videos/4_11.jpg,4
jpg/from_videos/4_110.jpg,4
jpg/from_videos/4_111.jpg,4
jpg/from_videos/4_112.jpg,4
jpg/from_videos/4_113.jpg,4
jpg/from_videos/4_114.jpg,4
jpg/from_videos/4_115.jpg,4
jpg/from_videos/4_116.jpg,4
jpg/from_videos/4_117.jpg,4
jpg/from_videos/4_118.jpg,4
jpg/from_videos/4_119.jpg,4
jpg/from_videos/4_12.jpg,4
jpg/from_videos/4_120.jpg,4
jpg/from_videos/4_121.jpg,4
jpg/from_videos/4_122.jpg,4
jpg/from_videos/4_123.jpg,4
jpg/from_videos/4_124.jpg,4
jpg/from_videos/4_125.jpg,4
jpg/from_videos/4_126.jpg,4
jpg/from_videos/4_127.jpg,4
jpg/from_videos/4_128.jpg,4
jpg/from_videos/4_129.jpg,4
jpg/from_videos/4_13.jpg,4
jpg/from_videos/4_130.jpg,4
jpg/from_videos/4_131.jpg,4
jpg/from_videos/4_132.jpg,4
jpg/from_videos/4_133.jpg,4
jpg/from_videos/4_134.jpg,4
jpg/from_videos/4_135.jpg,4
jpg/from_videos/4_136.jpg,4
jpg/from_videos/4_137.jpg,4
jpg/from_videos/4_138.jpg,4
jpg/from_videos/4_139.jpg,4
jpg/from_videos/4_14.jpg,4
jpg/from_videos/4_140.jpg,4
jpg/from_videos/4_141.jpg,4
jpg/from_videos/4_142.jpg,4
jpg/from_videos/4_143.jpg,4
jpg/from_videos/4_144.jpg,4
jpg/from_videos/4_145.jpg,4
jpg/from_videos/4_146.jpg,4
jpg/from_videos/4_147.jpg,4
jpg/from_videos/4_148.jpg,4
jpg/from_videos/4_149.jpg,4
jpg/from_videos/4_15.jpg,4
jpg/from_videos/4_150.jpg,4
jpg/from_videos/4_151.jpg,4
jpg/from_videos/4_152.jpg,4
jpg/from_videos/4_153.jpg,4
jpg/from_videos/4_154.jpg,4
jpg/from_videos/4_155.jpg,4
jpg/from_videos/4_156.jpg,4
jpg/from_videos/4_157.jpg,4
jpg/from_videos/4_158.jpg,4
jpg/from_videos/4_159.jpg,4
jpg/from_videos/4_16.jpg,4
jpg/from_videos/4_160.jpg,4
jpg/from_videos/4_161.jpg,4
jpg/from_videos/4_162.jpg,4
jpg/from_videos/4_163.jpg,4
jpg/from_videos/4_164.jpg,4
jpg/from_videos/4_165.jpg,4
jpg/from_videos/4_166.jpg,4
jpg/from_videos/4_167.jpg,4
jpg/from_videos/4_168.jpg,4
jpg/from_videos/4_169.jpg,4
jpg/from_videos/4_17.jpg,4
jpg/from_videos/4_170.jpg,4
jpg/from_videos/4_171.jpg,4
jpg/from_videos/4_172.jpg,4
jpg/from_videos/4_173.jpg,4
jpg/from_videos/4_174.jpg,4
jpg/from_videos/4_175.jpg,4
jpg/from_videos/4_176.jpg,4
jpg/from_videos/4_177.jpg,4
jpg/from_videos/4_178.jpg,4
jpg/from_videos/4_179.jpg,4
jpg/from_videos/4_18.jpg,4
jpg/from_videos/4_180.jpg,4
jpg/from_videos/4_181.jpg,4
jpg/from_videos/4_19.jpg,4
jpg/from_videos/4_2.jpg,4
jpg/from_videos/4_20.jpg,4
jpg/from_videos/4_21.jpg,4
jpg/from_videos/4_22.jpg,4
jpg/from_videos/4_23.jpg,4
jpg/from_videos/4_24.jpg,4
jpg/from_videos/4_25.jpg,4
jpg/from_videos/4_26.jpg,4
jpg/from_videos/4_27.jpg,4
jpg/from_videos/4_28.jpg,4
jpg/from_videos/4_29.jpg,4
jpg/from_videos/4_3.jpg,4
jpg/from_videos/4_30.jpg,4
jpg/from_videos/4_31.jpg,4
jpg/from_videos/4_32.jpg,4
jpg/from_videos/4_33.jpg,4
jpg/from_videos/4_34.jpg,4
jpg/from_videos/4_35.jpg,4
jpg/from_videos/4_36.jpg,4
jpg/from_videos/4_37.jpg,4
jpg/from_videos/4_38.jpg,4
jpg/from_videos/4_39.jpg,4
jpg/from_videos/4_4.jpg,4
jpg/from_videos/4_40.jpg,4
jpg/from_videos/4_41.jpg,4
jpg/from_videos/4_42.jpg,4
jpg/from_videos/4_43.jpg,4
jpg/from_videos/4_44.jpg,4
jpg/from_videos/4_45.jpg,4
jpg/from_videos/4_46.jpg,4
jpg/from_videos/4_47.jpg,4
jpg/from_videos/4_48.jpg,4
jpg/from_videos/4_49.jpg,4
jpg/from_videos/4_5.jpg,4
jpg/from_videos/4_50.jpg,4
jpg/from_videos/4_51.jpg,4
jpg/from_videos/4_52.jpg,4
jpg/from_videos/4_53.jpg,4
jpg/from_videos/4_54.jpg,4
jpg/from_videos/4_55.jpg,4
jpg/from_videos/4_56.jpg,4
jpg/from_videos/4_57.jpg,4
jpg/from_videos/4_58.jpg,4
jpg/from_videos/4_59.jpg,4
jpg/from_videos/4_6.jpg,4
jpg/from_videos/4_60.jpg,4
jpg/from_videos/4_61.jpg,4
jpg/from_videos/4_62.jpg,4
jpg/from_videos/4_63.jpg,4
jpg/from_videos/4_64.jpg,4
jpg/from_videos/4_65.jpg,4
jpg/from_videos/4_66.jpg,4
jpg/from_videos/4_67.jpg,4
jpg/from_videos/4_68.jpg,4
jpg/from_videos/4_69.jpg,4
jpg/from_videos/4_7.jpg,4
jpg/from_videos/4_70.jpg,4
jpg/from_videos/4_71.jpg,4
jpg/from_videos/4_72.jpg,4
jpg/from_videos/4_73.jpg,4
jpg/from_videos/4_74.jpg,4
jpg/from_videos/4_75.jpg,4
jpg/from_videos/4_76.jpg,4
jpg/from_videos/4_77.jpg,4
jpg/from_videos/4_78.jpg,4
jpg/from_videos/4_79.jpg,4
jpg/from_videos/4_8.jpg,4
jpg/from_videos/4_80.jpg,4
jpg/from_videos/4_81.jpg,4
jpg/from_videos/4_82.jpg,4
jpg/from_videos/4_83.jpg,4
jpg/from_videos/4_84.jpg,4
jpg/from_videos/4_85.jpg,4
jpg/from_videos/4_86.jpg,4
jpg/from_videos/4_87.jpg,4
jpg/from_videos/4_88.jpg,4
jpg/from_videos/4_89.jpg,4
jpg/from_videos/4_9.jpg,4
jpg/from_videos/4_90.jpg,4
jpg/from_videos/4_91.jpg,4
jpg/from_videos/4_92.jpg,4
jpg/from_videos/4_93.jpg,4
jpg/from_videos/4_94.jpg,4
jpg/from_videos/4_95.jpg,4
jpg/from_videos/4_96.jpg,4
jpg/from_videos/4_97.jpg,4
jpg/from_videos/4_98.jpg,4
jpg/from_videos/4_99.jpg,4
jpg/from_videos/5_0.jpg,5
jpg/from_videos/5_1.jpg,5
jpg/from_videos/5_10.jpg,5
jpg/from_videos/5_11.jpg,5
jpg/from_videos/5_12.jpg,5
jpg/from_videos/5_13.jpg,5
jpg/from_videos/5_14.jpg,5
jpg/from_videos/5_15.jpg,5
jpg/from_videos/5_16.jpg,5
jpg/from_videos/5_17.jpg,5
jpg/from_videos/5_18.jpg,5
jpg/from_videos/5_19.jpg,5
jpg/from_videos/5_2.jpg,5
jpg/from_videos/5_20.jpg,5
jpg/from_videos/5_21.jpg,5
jpg/from_videos/5_22.jpg,5
jpg/from_videos/5_23.jpg,5
jpg/from_videos/5_24.jpg,5
jpg/from_videos/5_25.jpg,5
jpg/from_videos/5_26.jpg,5
jpg/from_videos/5_27.jpg,5
jpg/from_videos/5_28.jpg,5
jpg/from_videos/5_29.jpg,5
jpg/from_videos/5_3.jpg,5
jpg/from_videos/5_30.jpg,5
jpg/from_videos/5_31.jpg,5
jpg/from_videos/5_32.jpg,5
jpg/from_videos/5_33.jpg,5
jpg/from_videos/5_34.jpg,5
jpg/from_videos/5_35.jpg,5
jpg/from_videos/5_36.jpg,5
jpg/from_videos/5_37.jpg,5
jpg/from_videos/5_38.jpg,5
jpg/from_videos/5_39.jpg,5
jpg/from_videos/5_4.jpg,5
jpg/from_videos/5_40.jpg,5
jpg/from_videos/5_41.jpg,5
jpg/from_videos/5_42.jpg,5
jpg/from_videos/5_43.jpg,5
jpg/from_videos/5_44.jpg,5
jpg/from_videos/5_45.jpg,5
jpg/from_videos/5_46.jpg,5
jpg/from_videos/5_47.jpg,5
jpg/from_videos/5_48.jpg,5
jpg/from_videos/5_49.jpg,5
jpg/from_videos/5_5.jpg,5
jpg/from_videos/5_50.jpg,5
jpg/from_videos/5_51.jpg,5
jpg/from_videos/5_52.jpg,5
jpg/from_videos/5_53.jpg,5
jpg/from_videos/5_54.jpg,5
jpg/from_videos/5_55.jpg,5
jpg/from_videos/5_56.jpg,5
jpg/from_videos/5_57.jpg,5
jpg/from_videos/5_58.jpg,5
jpg/from_videos/5_59.jpg,5
jpg/from_videos/5_6.jpg,5
jpg/from_videos/5_60.jpg,5
jpg/from_videos/5_61.jpg,5
jpg/from_videos/5_62.jpg,5
jpg/from_videos/5_63.jpg,5
jpg/from_videos/5_64.jpg,5
jpg/from_videos/5_65.jpg,5
jpg/from_videos/5_66.jpg,5
jpg/from_videos/5_67.jpg,5
jpg/from_videos/5_68.jpg,5
jpg/from_videos/5_69.jpg,5
jpg/from_videos/5_7.jpg,5
jpg/from_videos/5_70.jpg,5
jpg/from_videos/5_71.jpg,5
jpg/from_videos/5_72.jpg,5
jpg/from_videos/5_73.jpg,5
jpg/from_videos/5_74.jpg,5
jpg/from_videos/5_75.jpg,5
jpg/from_videos/5_76.jpg,5
jpg/from_videos/5_77.jpg,5
jpg/from_videos/5_78.jpg,5
jpg/from_videos/5_79.jpg,5
jpg/from_videos/5_8.jpg,5
jpg/from_videos/5_80.jpg,5
jpg/from_videos/5_81.jpg,5
jpg/from_videos/5_82.jpg,5
jpg/from_videos/5_83.jpg,5
jpg/from_videos/5_84.jpg,5
jpg/from_videos/5_85.jpg,5
jpg/from_videos/5_86.jpg,5
jpg/from_videos/5_87.jpg,5
jpg/from_videos/5_88.jpg,5
jpg/from_videos/5_89.jpg,5
jpg/from_videos/5_9.jpg,5
jpg/from_videos/5_90.jpg,5
jpg/from_videos/5_91.jpg,5
jpg/from_videos/5_92.jpg,5
jpg/from_videos/5_93.jpg,5
jpg/from_videos/5_94.jpg,5
jpg/from_videos/5_95.jpg,5
jpg/from_videos/5_96.jpg,5
jpg/from_videos/5_97.jpg,5
jpg/from_videos/5_98.jpg,5
jpg/from_videos/5_99.jpg,5
jpg/from_videos/6_0.jpg,6
jpg/from_videos/6_1.jpg,6
jpg/from_videos/6_10.jpg,6
jpg/from_videos/6_11.jpg,6
jpg/from_videos/6_12.jpg,6
jpg/from_videos/6_13.jpg,6
jpg/from_videos/6_14.jpg,6
jpg/from_videos/6_15.jpg,6
jpg/from_videos/6_16.jpg,6
jpg/from_videos/6_17.jpg,6
jpg/from_videos/6_18.jpg,6
jpg/from_videos/6_19.jpg,6
jpg/from_videos/6_2.jpg,6
jpg/from_videos/6_20.jpg,6
jpg/from_videos/6_21.jpg,6
jpg/from_videos/6_22.jpg,6
jpg/from_videos/6_23.jpg,6
jpg/from_videos/6_24.jpg,6
jpg/from_videos/6_25.jpg,6
jpg/from_videos/6_26.jpg,6
jpg/from_videos/6_27.jpg,6
jpg/from_videos/6_28.jpg,6
jpg/from_videos/6_29.jpg,6
jpg/from_videos/6_3.jpg,6
jpg/from_videos/6_30.jpg,6
jpg/from_videos/6_31.jpg,6
jpg/from_videos/6_32.jpg,6
jpg/from_videos/6_33.jpg,6
jpg/from_videos/6_34.jpg,6
jpg/from_videos/6_35.jpg,6
jpg/from_videos/6_36.jpg,6
jpg/from_videos/6_37.jpg,6
jpg/from_videos/6_38.jpg,6
jpg/from_videos/6_39.jpg,6
jpg/from_videos/6_4.jpg,6
jpg/from_videos/6_40.jpg,6
jpg/from_videos/6_41.jpg,6
jpg/from_videos/6_42.jpg,6
jpg/from_videos/6_43.jpg,6
jpg/from_videos/6_44.jpg,6
jpg/from_videos/6_45.jpg,6
jpg/from_videos/6_46.jpg,6
jpg/from_videos/6_47.jpg,6
jpg/from_videos/6_48.jpg,6
jpg/from_videos/6_49.jpg,6
jpg/from_videos/6_5.jpg,6
jpg/from_videos/6_50.jpg,6
jpg/from_videos/6_51.jpg,6
jpg/from_videos/6_52.jpg,6
jpg/from_videos/6_53.jpg,6
jpg/from_videos/6_54.jpg,6
jpg/from_videos/6_55.jpg,6
jpg/from_videos/6_56.jpg,6
jpg/from_videos/6_57.jpg,6
jpg/from_videos/6_58.jpg,6
jpg/from_videos/6_59.jpg,6
jpg/from_videos/6_6.jpg,6
jpg/from_videos/6_60.jpg,6
jpg/from_videos/6_61.jpg,6
jpg/from_videos/6_62.jpg,6
jpg/from_videos/6_63.jpg,6
jpg/from_videos/6_64.jpg,6
jpg/from_videos/6_65.jpg,6
jpg/from_videos/6_66.jpg,6
jpg/from_videos/6_67.jpg,6
jpg/from_videos/6_68.jpg,6
jpg/from_videos/6_69.jpg,6
jpg/from_videos/6_7.jpg,6
jpg/from_videos/6_70.jpg,6
jpg/from_videos/6_71.jpg,6
jpg/from_videos/6_72.jpg,6
jpg/from_videos/6_73.jpg,6
jpg/from_videos/6_74.jpg,6
jpg/from_videos/6_75.jpg,6
jpg/from_videos/6_76.jpg,6
jpg/from_videos/6_77.jpg,6
jpg/from_videos/6_78.jpg,6
jpg/from_videos/6_79.jpg,6
jpg/from_videos/6_8.jpg,6
jpg/from_videos/6_80.jpg,6
jpg/from_videos/6_81.jpg,6
jpg/from_videos/6_82.jpg,6
jpg/from_videos/6_83.jpg,6
jpg/from_videos/6_84.jpg,6
jpg/from_videos/6_85.jpg,6
jpg/from_videos/6_86.jpg,6
jpg/from_videos/6_87.jpg,6
jpg/from_videos/6_88.jpg,6
jpg/from_videos/6_89.jpg,6
jpg/from_videos/6_9.jpg,6
jpg/from_videos/6_90.jpg,6
jpg/from_videos/6_91.jpg,6
jpg/from_videos/6_92.jpg,6
jpg/from_videos/6_93.jpg,6
jpg/from_videos/6_94.jpg,6
jpg/from_videos/6_95.jpg,6
jpg/from_videos/6_96.jpg,6
jpg/from_videos/6_97.jpg,6
jpg/from_videos/6_98.jpg,6
jpg/from_videos/6_99.jpg,6
jpg/from_videos/7_0.jpg,7
jpg/from_videos/7_1.jpg,7
jpg/from_videos/7_10.jpg,7
jpg/from_videos/7_100.jpg,7
jpg/from_videos/7_101.jpg,7
jpg/from_videos/7_102.jpg,7
jpg/from_videos/7_103.jpg,7
jpg/from_videos/7_104.jpg,7
jpg/from_videos/7_105.jpg,7
jpg/from_videos/7_106.jpg,7
jpg/from_videos/7_107.jpg,7
jpg/from_videos/7_108.jpg,7
jpg/from_videos/7_109.jpg,7
jpg/from_videos/7_11.jpg,7
jpg/from_videos/7_110.jpg,7
jpg/from_videos/7_111.jpg,7
jpg/from_videos/7_112.jpg,7
jpg/from_videos/7_113.jpg,7
jpg/from_videos/7_114.jpg,7
jpg/from_videos/7_115.jpg,7
jpg/from_videos/7_116.jpg,7
jpg/from_videos/7_117.jpg,7
jpg/from_videos/7_118.jpg,7
jpg/from_videos/7_119.jpg,7
jpg/from_videos/7_12.jpg,7
jpg/from_videos/7_120.jpg,7
jpg/from_videos/7_121.jpg,7
jpg/from_videos/7_122.jpg,7
jpg/from_videos/7_123.jpg,7
jpg/from_videos/7_124.jpg,7
jpg/from_videos/7_125.jpg,7
jpg/from_videos/7_126.jpg,7
jpg/from_videos/7_127.jpg,7
jpg/from_videos/7_128.jpg,7
jpg/from_videos/7_129.jpg,7
jpg/from_videos/7_13.jpg,7
jpg/from_videos/7_130.jpg,7
jpg/from_videos/7_131.jpg,7
jpg/from_videos/7_132.jpg,7
jpg/from_videos/7_133.jpg,7
jpg/from_videos/7_134.jpg,7
jpg/from_videos/7_135.jpg,7
jpg/from_videos/7_136.jpg,7
jpg/from_videos/7_137.jpg,7
jpg/from_videos/7_138.jpg,7
jpg/from_videos/7_139.jpg,7
jpg/from_videos/7_14.jpg,7
jpg/from_videos/7_140.jpg,7
jpg/from_videos/7_141.jpg,7
jpg/from_videos/7_142.jpg,7
jpg/from_videos/7_143.jpg,7
jpg/from_videos/7_144.jpg,7
jpg/from_videos/7_145.jpg,7
jpg/from_videos/7_146.jpg,7
jpg/from_videos/7_147.jpg,7
jpg/from_videos/7_148.jpg,7
jpg/from_videos/7_149.jpg,7
jpg/from_videos/7_15.jpg,7
jpg/from_videos/7_150.jpg,7
jpg/from_videos/7_151.jpg,7
jpg/from_videos/7_152.jpg,7
jpg/from_videos/7_153.jpg,7
jpg/from_videos/7_154.jpg,7
jpg/from_videos/7_155.jpg,7
jpg/from_videos/7_156.jpg,7
jpg/from_videos/7_157.jpg,7
jpg/from_videos/7_158.jpg,7
jpg/from_videos/7_159.jpg,7
jpg/from_videos/7_16.jpg,7
jpg/from_videos/7_160.jpg,7
jpg/from_videos/7_161.jpg,7
jpg/from_videos/7_162.jpg,7
jpg/from_videos/7_163.jpg,7
jpg/from_videos/7_164.jpg,7
jpg/from_videos/7_165.jpg,7
jpg/from_videos/7_166.jpg,7
jpg/from_videos/7_167.jpg,7
jpg/from_videos/7_168.jpg,7
jpg/from_videos/7_169.jpg,7
jpg/from_videos/7_17.jpg,7
jpg/from_videos/7_170.jpg,7
jpg/from_videos/7_171.jpg,7
jpg/from_videos/7_172.jpg,7
jpg/from_videos/7_173.jpg,7
jpg/from_videos/7_174.jpg,7
jpg/from_videos/7_175.jpg,7
jpg/from_videos/7_176.jpg,7
jpg/from_videos/7_177.jpg,7
jpg/from_videos/7_178.jpg,7
jpg/from_videos/7_179.jpg,7
jpg/from_videos/7_18.jpg,7
jpg/from_videos/7_180.jpg,7
jpg/from_videos/7_181.jpg,7
jpg/from_videos/7_182.jpg,7
jpg/from_videos/7_19.jpg,7
jpg/from_videos/7_2.jpg,7
jpg/from_videos/7_20.jpg,7
jpg/from_videos/7_21.jpg,7
jpg/from_videos/7_22.jpg,7
jpg/from_videos/7_23.jpg,7
jpg/from_videos/7_24.jpg,7
jpg/from_videos/7_25.jpg,7
jpg/from_videos/7_26.jpg,7
jpg/from_videos/7_27.jpg,7
jpg/from_videos/7_28.jpg,7
jpg/from_videos/7_29.jpg,7
jpg/from_videos/7_3.jpg,7
jpg/from_videos/7_30.jpg,7
jpg/from_videos/7_31.jpg,7
jpg/from_videos/7_32.jpg,7
jpg/from_videos/7_33.jpg,7
jpg/from_videos/7_34.jpg,7
jpg/from_videos/7_35.jpg,7
jpg/from_videos/7_36.jpg,7
jpg/from_videos/7_37.jpg,7
jpg/from_videos/7_38.jpg,7
jpg/from_videos/7_39.jpg,7
jpg/from_videos/7_4.jpg,7
jpg/from_videos/7_40.jpg,7
jpg/from_videos/7_41.jpg,7
jpg/from_videos/7_42.jpg,7
jpg/from_videos/7_43.jpg,7
jpg/from_videos/7_44.jpg,7
jpg/from_videos/7_45.jpg,7
jpg/from_videos/7_46.jpg,7
jpg/from_videos/7_47.jpg,7
jpg/from_videos/7_48.jpg,7
jpg/from_videos/7_49.jpg,7
jpg/from_videos/7_5.jpg,7
jpg/from_videos/7_50.jpg,7
jpg/from_videos/7_51.jpg,7
jpg/from_videos/7_52.jpg,7
jpg/from_videos/7_53.jpg,7
jpg/from_videos/7_54.jpg,7
jpg/from_videos/7_55.jpg,7
jpg/from_videos/7_56.jpg,7
jpg/from_videos/7_57.jpg,7
jpg/from_videos/7_58.jpg,7
jpg/from_videos/7_59.jpg,7
jpg/from_videos/7_6.jpg,7
jpg/from_videos/7_60.jpg,7
jpg/from_videos/7_61.jpg,7
jpg/from_videos/7_62.jpg,7
jpg/from_videos/7_63.jpg,7
jpg/from_videos/7_64.jpg,7
jpg/from_videos/7_65.jpg,7
jpg/from_videos/7_66.jpg,7
jpg/from_videos/7_67.jpg,7
jpg/from_videos/7_68.jpg,7
jpg/from_videos/7_69.jpg,7
jpg/from_videos/7_7.jpg,7
jpg/from_videos/7_70.jpg,7
jpg/from_videos/7_71.jpg,7
jpg/from_videos/7_72.jpg,7
jpg/from_videos/7_73.jpg,7
jpg/from_videos/7_74.jpg,7
jpg/from_videos/7_75.jpg,7
jpg/from_videos/7_76.jpg,7
jpg/from_videos/7_77.jpg,7
jpg/from_videos/7_78.jpg,7
jpg/from_videos/7_79.jpg,7
jpg/from_videos/7_8.jpg,7
jpg/from_videos/7_80.jpg,7
jpg/from_videos/7_81.jpg,7
jpg/from_videos/7_82.jpg,7
jpg/from_videos/7_83.jpg,7
jpg/from_videos/7_84.jpg,7
jpg/from_videos/7_85.jpg,7
jpg/from_videos/7_86.jpg,7
jpg/from_videos/7_87.jpg,7
jpg/from_videos/7_88.jpg,7
jpg/from_videos/7_89.jpg,7
jpg/from_videos/7_9.jpg,7
jpg/from_videos/7_90.jpg,7
jpg/from_videos/7_91.jpg,7
jpg/from_videos/7_92.jpg,7
jpg/from_videos/7_93.jpg,7
jpg/from_videos/7_94.jpg,7
jpg/from_videos/7_95.jpg,7
jpg/from_videos/7_96.jpg,7
jpg/from_videos/7_97.jpg,7
jpg/from_videos/7_98.jpg,7
jpg/from_videos/7_99.jpg,7
jpg/from_videos/8_0.jpg,8
jpg/from_videos/8_1.jpg,8
jpg/from_videos/8_10.jpg,8
jpg/from_videos/8_11.jpg,8
jpg/from_videos/8_12.jpg,8
jpg/from_videos/8_13.jpg,8
jpg/from_videos/8_14.jpg,8
jpg/from_videos/8_15.jpg,8
jpg/from_videos/8_16.jpg,8
jpg/from_videos/8_17.jpg,8
jpg/from_videos/8_18.jpg,8
jpg/from_videos/8_19.jpg,8
jpg/from_videos/8_2.jpg,8
jpg/from_videos/8_20.jpg,8
jpg/from_videos/8_21.jpg,8
jpg/from_videos/8_22.jpg,8
jpg/from_videos/8_23.jpg,8
jpg/from_videos/8_24.jpg,8
jpg/from_videos/8_25.jpg,8
jpg/from_videos/8_26.jpg,8
jpg/from_videos/8_27.jpg,8
jpg/from_videos/8_28.jpg,8
jpg/from_videos/8_29.jpg,8
jpg/from_videos/8_3.jpg,8
jpg/from_videos/8_30.jpg,8
jpg/from_videos/8_31.jpg,8
jpg/from_videos/8_32.jpg,8
jpg/from_videos/8_33.jpg,8
jpg/from_videos/8_34.jpg,8
jpg/from_videos/8_35.jpg,8
jpg/from_videos/8_36.jpg,8
jpg/from_videos/8_37.jpg,8
jpg/from_videos/8_38.jpg,8
jpg/from_videos/8_39.jpg,8
jpg/from_videos/8_4.jpg,8
jpg/from_videos/8_40.jpg,8
jpg/from_videos/8_41.jpg,8
jpg/from_videos/8_42.jpg,8
jpg/from_videos/8_43.jpg,8
jpg/from_videos/8_44.jpg,8
jpg/from_videos/8_45.jpg,8
jpg/from_videos/8_46.jpg,8
jpg/from_videos/8_47.jpg,8
jpg/from_videos/8_48.jpg,8
jpg/from_videos/8_49.jpg,8
jpg/from_videos/8_5.jpg,8
jpg/from_videos/8_50.jpg,8
jpg/from_videos/8_51.jpg,8
jpg/from_videos/8_52.jpg,8
jpg/from_videos/8_53.jpg,8
jpg/from_videos/8_54.jpg,8
jpg/from_videos/8_55.jpg,8
jpg/from_videos/8_56.jpg,8
jpg/from_videos/8_57.jpg,8
jpg/from_videos/8_58.jpg,8
jpg/from_videos/8_59.jpg,8
jpg/from_videos/8_6.jpg,8
jpg/from_videos/8_60.jpg,8
jpg/from_videos/8_61.jpg,8
jpg/from_videos/8_62.jpg,8
jpg/from_videos/8_63.jpg,8
jpg/from_videos/8_64.jpg,8
jpg/from_videos/8_65.jpg,8
jpg/from_videos/8_66.jpg,8
jpg/from_videos/8_67.jpg,8
jpg/from_videos/8_68.jpg,8
jpg/from_videos/8_69.jpg,8
jpg/from_videos/8_7.jpg,8
jpg/from_videos/8_70.jpg,8
jpg/from_videos/8_71.jpg,8
jpg/from_videos/8_72.jpg,8
jpg/from_videos/8_73.jpg,8
jpg/from_videos/8_74.jpg,8
jpg/from_videos/8_75.jpg,8
jpg/from_videos/8_76.jpg,8
jpg/from_videos/8_77.jpg,8
jpg/from_videos/8_78.jpg,8
jpg/from_videos/8_79.jpg,8
jpg/from_videos/8_8.jpg,8
jpg/from_videos/8_80.jpg,8
jpg/from_videos/8_81.jpg,8
jpg/from_videos/8_82.jpg,8
jpg/from_videos/8_83.jpg,8
jpg/from_videos/8_84.jpg,8
jpg/from_videos/8_85.jpg,8
jpg/from_videos/8_86.jpg,8
jpg/from_videos/8_87.jpg,8
jpg/from_videos/8_88.jpg,8
jpg/from_videos/8_89.jpg,8
jpg/from_videos/8_9.jpg,8
jpg/from_videos/8_90.jpg,8
jpg/from_videos/8_91.jpg,8
jpg/from_videos/8_92.jpg,8
jpg/from_videos/8_93.jpg,8
jpg/from_videos/8_94.jpg,8
jpg/from_videos/8_95.jpg,8
jpg/from_videos/8_96.jpg,8
jpg/from_videos/8_97.jpg,8
jpg/from_videos/8_98.jpg,8
jpg/from_videos/8_99.jpg,8
jpg/from_videos/9_0.jpg,9
jpg/from_videos/9_1.jpg,9
jpg/from_videos/9_10.jpg,9
jpg/from_videos/9_11.jpg,9
jpg/from_videos/9_12.jpg,9
jpg/from_videos/9_13.jpg,9
jpg/from_videos/9_14.jpg,9
jpg/from_videos/9_15.jpg,9
jpg/from_videos/9_16.jpg,9
jpg/from_videos/9_17.jpg,9
jpg/from_videos/9_18.jpg,9
jpg/from_videos/9_19.jpg,9
jpg/from_videos/9_2.jpg,9
jpg/from_videos/9_20.jpg,9
jpg/from_videos/9_21.jpg,9
jpg/from_videos/9_22.jpg,9
jpg/from_videos/9_23.jpg,9
jpg/from_videos/9_24.jpg,9
jpg/from_videos/9_25.jpg,9
jpg/from_videos/9_26.jpg,9
jpg/from_videos/9_27.jpg,9
jpg/from_videos/9_28.jpg,9
jpg/from_videos/9_29.jpg,9
jpg/from_videos/9_3.jpg,9
jpg/from_videos/9_30.jpg,9
jpg/from_videos/9_31.jpg,9
jpg/from_videos/9_32.jpg,9
jpg/from_videos/9_33.jpg,9
jpg/from_videos/9_34.jpg,9
jpg/from_videos/9_35.jpg,9
jpg/from_videos/9_36.jpg,9
jpg/from_videos/9_37.jpg,9
jpg/from_videos/9_38.jpg,9
jpg/from_videos/9_39.jpg,9
jpg/from_videos/9_4.jpg,9
jpg/from_videos/9_40.jpg,9
jpg/from_videos/9_41.jpg,9
jpg/from_videos/9_42.jpg,9
jpg/from_videos/9_43.jpg,9
jpg/from_videos/9_44.jpg,9
jpg/from_videos/9_45.jpg,9
jpg/from_videos/9_46.jpg,9
jpg/from_videos/9_47.jpg,9
jpg/from_videos/9_48.jpg,9
jpg/from_videos/9_49.jpg,9
jpg/from_videos/9_5.jpg,9
jpg/from_videos/9_50.jpg,9
jpg/from_videos/9_51.jpg,9
jpg/from_videos/9_52.jpg,9
jpg/from_videos/9_53.jpg,9
jpg/from_videos/9_54.jpg,9
jpg/from_videos/9_55.jpg,9
jpg/from_videos/9_56.jpg,9
jpg/from_videos/9_57.jpg,9
jpg/from_videos/9_58.jpg,9
jpg/from_videos/9_59.jpg,9
jpg/from_videos/9_6.jpg,9
jpg/from_videos/9_60.jpg,9
jpg/from_videos/9_61.jpg,9
jpg/from_videos/9_62.jpg,9
jpg/from_videos/9_63.jpg,9
jpg/from_videos/9_64.jpg,9
jpg/from_videos/9_65.jpg,9
jpg/from_videos/9_66.jpg,9
jpg/from_videos/9_67.jpg,9
jpg/from_videos/9_68.jpg,9
jpg/from_videos/9_69.jpg,9
jpg/from_videos/9_7.jpg,9
jpg/from_videos/9_70.jpg,9
jpg/from_videos/9_71.jpg,9
jpg/from_videos/9_72.jpg,9
jpg/from_videos/9_73.jpg,9
jpg/from_videos/9_74.jpg,9
jpg/from_videos/9_75.jpg,9
jpg/from_videos/9_76.jpg,9
jpg/from_videos/9_77.jpg,9
jpg/from_videos/9_78.jpg,9
jpg/from_videos/9_79.jpg,9
jpg/from_videos/9_8.jpg,9
jpg/from_videos/9_80.jpg,9
jpg/from_videos/9_81.jpg,9
jpg/from_videos/9_82.jpg,9
jpg/from_videos/9_83.jpg,9
jpg/from_videos/9_84.jpg,9
jpg/from_videos/9_85.jpg,9
jpg/from_videos/9_86.jpg,9
jpg/from_videos/9_87.jpg,9
jpg/from_videos/9_88.jpg,9
jpg/from_videos/9_89.jpg,9
jpg/from_videos/9_9.jpg,9
jpg/from_videos/9_90.jpg,9
jpg/from_videos/9_91.jpg,9
jpg/from_videos/9_92.jpg,9
jpg/from_videos/9_93.jpg,9
jpg/from_videos/9_94.jpg,9
jpg/from_videos/9_95.jpg,9
jpg/from_videos/9_96.jpg,9
jpg/from_videos/9_97.jpg,9
jpg/from_videos/9_98.jpg,9
jpg/from_videos/9_99.jpg,9
